utterance,referenceTimestamp,intent,slot[question],slot[monthly_or_yearly]
stop,,AMAZON.StopIntent,,
Jarvis,,AskingQuestionIntent,Jarvis,
yes,,AMAZON.YesIntent,,
exit,,ExitAppIntent,,
no,,AMAZON.NoIntent,,
no,,AMAZON.NoIntent,,
yes,,AMAZON.YesIntent,,
cancel,,AMAZON.CancelIntent,,
ok,,AMAZON.YesIntent,,
thank you,,AMAZON.StopIntent,,
nothing,,AMAZON.CancelIntent,,
shut up,,AMAZON.StopIntent,,
off,,AMAZON.StopIntent,,
never mind,,AMAZON.CancelIntent,,
next,,AskingQuestionIntent,next,
ok,,AMAZON.YesIntent,,
turn off,,AMAZON.StopIntent,,
close,,ExitAppIntent,,
quit,,ExitAppIntent,,
go home,,AMAZON.NavigateHomeIntent,,
thank you,,AMAZON.StopIntent,,
travis,,AskingQuestionIntent,travis,
no thank you,,AMAZON.NoIntent,,
home,,AMAZON.NavigateHomeIntent,,
how far is the moon,,AskingQuestionIntent,how far is the moon,
how are you,,AskingQuestionIntent,how are you,
what,,AskingQuestionIntent,what,
tell me a joke,,AskingQuestionIntent,tell me a joke,
bye-bye,,AMAZON.StopIntent,,
no thank you,,AMAZON.NoIntent,,
what,,AskingQuestionIntent,what,
why is the sky blue,,AskingQuestionIntent,why is the sky blue,
what time is it,,AskingQuestionIntent,what time is it,
can you,,AskingQuestionIntent,can you,
how much is it,,AskingQuestionIntent,how much is it,
goodbye,,AMAZON.StopIntent,,
shut the fuck up,,AMAZON.StopIntent,,
drop in,,AskingQuestionIntent,drop in,
what is,,AskingQuestionIntent,what is,
that's all,,AMAZON.StopIntent,,
what is a black hole,,AskingQuestionIntent,what is a black hole,
hi,,AskingQuestionIntent,hi,
volume up,,AskingQuestionIntent,volume up,
that's it,,AMAZON.StopIntent,,
Alexa,,AskingQuestionIntent,Alexa,
tell me,,AskingQuestionIntent,tell me,
sure,,AMAZON.YesIntent,,
how much does it cost,,AskingQuestionIntent,how much does it cost,
thank you,,AMAZON.StopIntent,,
what time is it,,AskingQuestionIntent,what time is it,
Alexa,,AskingQuestionIntent,Alexa,
joggers,,AskingQuestionIntent,joggers,
question,,AskingQuestionIntent,question,
javis,,AskingQuestionIntent,javis,
how far is the moon,,AskingQuestionIntent,how far is the moon,
how are you doing,,AskingQuestionIntent,how are you doing,
pause,,AskingQuestionIntent,pause,
continue,,AMAZON.ResumeIntent,,
jaarvis,,AskingQuestionIntent,jaarvis,
i don't know,,AskingQuestionIntent,i don't know,
hello,,AskingQuestionIntent,hello,
what time is it,,AskingQuestionIntent,what time is it,
who are you,,AskingQuestionIntent,who are you,
hello,,AskingQuestionIntent,hello,
how was your day,,AskingQuestionIntent,how was your day,
Jarvis hi,,AskingQuestionIntent,Jarvis hi,
repeat,,AskingQuestionIntent,repeat,
amazon,,AskingQuestionIntent,Amazon,
what is the,,AskingQuestionIntent,what is the,
i don't know,,AskingQuestionIntent,i don't know,
yeah,,AMAZON.YesIntent,,
can you tell me a story,,AskingQuestionIntent,can you tell me a story,
tell me about,,AskingQuestionIntent,tell me about,
nothing right now thank you,,AMAZON.StopIntent,,
Jarvis what time is it,,AskingQuestionIntent,Jarvis what time is it,
turn it off,,AMAZON.StopIntent,,
how are you today,,AskingQuestionIntent,how are you today,
end,,AMAZON.StopIntent,,
can you hear me,,AskingQuestionIntent,can you hear me,
computer,,AskingQuestionIntent,computer,
i'm done,,AMAZON.StopIntent,,
give me a joke,,AskingQuestionIntent,give me a joke,
what is a,,AskingQuestionIntent,what is a,
nothing thank you,,AMAZON.StopIntent,,
Jarvis,,AskingQuestionIntent,Jarvis,
tell me about,,AskingQuestionIntent,tell me about,
well,,AskingQuestionIntent,well,
why is sky is blue,,AskingQuestionIntent,why is sky is blue,
no thanks,,AMAZON.NoIntent,,
yeah,,AMAZON.YesIntent,,
what is the meaning of life,,AskingQuestionIntent,what is the meaning of life,
stop alexa stop,,AMAZON.StopIntent,,
what is the tallest building in the world,,AskingQuestionIntent,what is the tallest building in the world,
tell me a story,,AskingQuestionIntent,tell me a story,
play music,,AskingQuestionIntent,play music,
stop it,,AMAZON.StopIntent,,
how many people in the world,,AskingQuestionIntent,how many people in the world,
good night,,AskingQuestionIntent,good night,
how old are you,,AskingQuestionIntent,how old are you,
search,,AskingQuestionIntent,search,
what is your name,,AskingQuestionIntent,what is your name,
the weather,,AskingQuestionIntent,the weather,
turn off music,,AskingQuestionIntent,turn off music,
thanks,,AMAZON.StopIntent,,
is,,AskingQuestionIntent,is,
how is the weather today,,AskingQuestionIntent,how is the weather today,
monthly,,AskingQuestionIntent,monthly,
books,,AskingQuestionIntent,books,
tell me more,,AskingQuestionIntent,tell me more,
interesting,,AskingQuestionIntent,interesting,
chavez,,AskingQuestionIntent,chavez,
go to sleep,,AMAZON.StopIntent,,
stop music,,AskingQuestionIntent,stop music,
more,,AskingQuestionIntent,more,
right,,AMAZON.YesIntent,,
stop alexa,,AMAZON.StopIntent,,
what's the price,,AskingQuestionIntent,what's the price,
spotify,,AskingQuestionIntent,spotify,
how will the world end,,AskingQuestionIntent,how will the world end,
hang up,,AskingQuestionIntent,hang up,
how do you jump,,AskingQuestionIntent,how do you jump,
yes please,,AMAZON.YesIntent,,
wow,,AskingQuestionIntent,wow,
repeat,,AskingQuestionIntent,repeat,
no no,,AMAZON.NoIntent,,
how's the weather today,,AskingQuestionIntent,how's the weather today,
what is machine learning,,AskingQuestionIntent,what is machine learning,
what is this,,AskingQuestionIntent,what is this,
how much,,AskingQuestionIntent,how much,
what are you,,AskingQuestionIntent,what are you,
Jarvis no,,AskingQuestionIntent,Jarvis no,
volume down two,,AskingQuestionIntent,volume down 2,
i love you,,AskingQuestionIntent,i love you,
what is iron man,,AskingQuestionIntent,what is iron man,
how can I commit suicide,,AskingQuestionIntent,how can I commit suicide,
make a,,AskingQuestionIntent,make a,
let's chat,,AskingQuestionIntent,let's chat,
money,,AskingQuestionIntent,money,
repeat what you just said,,AskingQuestionIntent,repeat what you just said,
before,,AskingQuestionIntent,before,
Jarvis hello,,AskingQuestionIntent,Jarvis hello,
hola,,AskingQuestionIntent,hola,
Jarvis what is,,AskingQuestionIntent,Jarvis what is,
what's the time,,AskingQuestionIntent,what's the time,
good,,AskingQuestionIntent,good,
chat,,AskingQuestionIntent,chat,
give me a minute,,AskingQuestionIntent,give me a minute,
Jarvis what is iron man,,AskingQuestionIntent,Jarvis what is iron man,
fortnite,,AskingQuestionIntent,fortnite,
what is one plus one,,AskingQuestionIntent,what is 1 plus 1,
why are you not working,,AskingQuestionIntent,why are you not working,
bye-bye,,AMAZON.StopIntent,,
nothing else,,AMAZON.StopIntent,,
cool,,AskingQuestionIntent,cool,
what's the weather,,AskingQuestionIntent,what's the weather,
ok never mind,,AskingQuestionIntent,ok never mind,
jaundice,,AskingQuestionIntent,jaundice,
what's the,,AskingQuestionIntent,what's the,
disconnect,,AMAZON.StopIntent,,
no stop,,AMAZON.StopIntent,,
play music I like,,AskingQuestionIntent,play music I like,
what is two plus two,,AskingQuestionIntent,what is 2 plus 2,
can you tell me,,AskingQuestionIntent,can you tell me,
power off,,AMAZON.StopIntent,,
no thanks,,AMAZON.NoIntent,,
sing a song,,AskingQuestionIntent,sing a song,
how to cook pasta,,AskingQuestionIntent,how to cook pasta,
let's play,,AskingQuestionIntent,let's play,
are you there,,AskingQuestionIntent,are you there,
that's enough,,AMAZON.StopIntent,,
go to home,,AMAZON.NavigateHomeIntent,,
ok thank you,,AMAZON.YesIntent,,
do you speak spanish,,AskingQuestionIntent,do you speak spanish,
what is your favorite song,,AskingQuestionIntent,what is your favorite song,
c.,,AskingQuestionIntent,c.,
josh,,AskingQuestionIntent,josh,
what's the weather today,,AskingQuestionIntent,what's the weather today,
love,,AskingQuestionIntent,love,
Jarvis what's the weather,,AskingQuestionIntent,Jarvis what's the weather,
tell me a joke,,AskingQuestionIntent,tell me a joke,
can you tell me,,AskingQuestionIntent,can you tell me,
what's your name,,AskingQuestionIntent,what's your name,
charges,,AskingQuestionIntent,charges,
anything,,AskingQuestionIntent,anything,
what is the price,,AskingQuestionIntent,what is the price,
how are you,,AskingQuestionIntent,how are you,
echo,,AskingQuestionIntent,echo,
thank you jarvis,,AMAZON.StopIntent,,
go away,,AMAZON.StopIntent,,
that's all thank you,,AMAZON.StopIntent,,
that's all for now,,AMAZON.StopIntent,,
no thank you no thank you,,AMAZON.NoIntent,,
who is,,AskingQuestionIntent,who is,
makeup,,AskingQuestionIntent,makeup,
finish the story,,AskingQuestionIntent,finish the story,
how do,,AskingQuestionIntent,how do,
home screen,,AMAZON.NavigateHomeIntent,,
disconnect,,AMAZON.StopIntent,,
who is iron man,,AskingQuestionIntent,who is iron man,
how many,,AskingQuestionIntent,how many,
can you repeat,,AskingQuestionIntent,can you repeat,
blood type,,AskingQuestionIntent,blood type,
volume four,,AskingQuestionIntent,volume 4,
please,,AskingQuestionIntent,please,
turn off the music,,AskingQuestionIntent,turn off the music,
charlie's,,AskingQuestionIntent,charlie's,
options,,AskingQuestionIntent,options,
fun,,AskingQuestionIntent,fun,
how much is the yearly subscription,,AskingQuestionIntent,how much is the yearly subscription,
how do you make a paper airplane,,AskingQuestionIntent,how do you make a paper airplane,
clean my room,,AskingQuestionIntent,clean my room,
search u. s. a.,,AskingQuestionIntent,search u. s. a.,
what is the name,,AskingQuestionIntent,what is the name,
turn the volume to twenty five percent,,AskingQuestionIntent,turn the volume to 25 percent,
pig,,AskingQuestionIntent,pig,
up attending,,AskingQuestionIntent,up attending,
turn the turn the volume up to ten,,AskingQuestionIntent,turn the turn the volume up to ten,
latest,,AskingQuestionIntent,latest,
stop alexa go home,,AMAZON.NavigateHomeIntent,,
give me a recipe,,AskingQuestionIntent,give me a recipe,
scroll down,,AskingQuestionIntent,scroll down,
ok give me some information about,,AskingQuestionIntent,OK give me some information about,
where,,AskingQuestionIntent,where,
astro,,AskingQuestionIntent,astro,
monthly subscription,,BuySubIntent,,monthly
ham,,AskingQuestionIntent,ham,
hell no,,AskingQuestionIntent,hell no,
cheeto's,,AskingQuestionIntent,cheeto's,
i don't know you tell me,,AskingQuestionIntent,i don't know you tell me,
what's the date today,,AskingQuestionIntent,what's the date today,
go back home,,AMAZON.NavigateHomeIntent,,
how can I prepare a orange cake,,AskingQuestionIntent,how can I prepare a orange cake,
never mind i'll talk to you stop,,AskingQuestionIntent,never mind i'll talk to you stop,
einstein's theory of relativity,,AskingQuestionIntent,einstein's theory of relativity,
volume six,,AskingQuestionIntent,volume 6,
what is the population of vatican city,,AskingQuestionIntent,what is the population of vatican city,
write me a poem about springtime,,AskingQuestionIntent,write me a poem about springtime,
science,,AskingQuestionIntent,science,
wow,,AskingQuestionIntent,wow,
what do you think,,AskingQuestionIntent,what do you think,
llama llama,,AskingQuestionIntent,llama llama,
blindness,,AskingQuestionIntent,blindness,
how much is zero divided by zero,,AskingQuestionIntent,how much is zero divided by zero,
how many u. s. senators are there,,AskingQuestionIntent,how many u. s. senators are there,
what do I talk to,,AskingQuestionIntent,what do I talk to,
nothing else thank you,,AMAZON.StopIntent,,
set volume to six,,AskingQuestionIntent,set volume to 6,
quantum mechanics,,AskingQuestionIntent,quantum mechanics,
i'm talking to you,,AskingQuestionIntent,i'm talking to you,
what are the best ingredients for buffalo chicken wings,,AskingQuestionIntent,what are the best ingredients for buffalo chicken wings,
tell me a little bit about yourself,,AskingQuestionIntent,tell me a little bit about yourself,
tell me about the universe,,AskingQuestionIntent,tell me about the universe,
tell me a poem,,AskingQuestionIntent,tell me a poem,
how do I get rid of carpenter bees,,AskingQuestionIntent,how do I get rid of carpenter bees,
animation,,AskingQuestionIntent,animation,
fly,,AskingQuestionIntent,fly,
subscription,,AskingQuestionIntent,subscription,
how to,,AskingQuestionIntent,how to,
lateera,,AskingQuestionIntent,lateera,
who's your favorite team,,AskingQuestionIntent,who's your favorite team,
how can I change Alexa's voice into Jarvis,,AskingQuestionIntent,how can I change Alexa's voice into Jarvis,
what's the time now,,AskingQuestionIntent,what's the time now,
play my friend,,AskingQuestionIntent,play my friend,
office,,AskingQuestionIntent,office,
add,,AskingQuestionIntent,add,
got it,,AskingQuestionIntent,got it,
yo'mama,,AskingQuestionIntent,yo'mama,
history,,AskingQuestionIntent,history,
tardis,,AskingQuestionIntent,tardis,
next question,,AskingQuestionIntent,next question,
pussy,,AskingQuestionIntent,pussy,
about food,,AskingQuestionIntent,about food,
quiet,,AMAZON.StopIntent,,
what is the weather like today,,AskingQuestionIntent,what is the weather like today,
jeopardy,,AskingQuestionIntent,jeopardy,
awesome,,AskingQuestionIntent,awesome,
give me,,AskingQuestionIntent,give me,
tell me a story about a man,,AskingQuestionIntent,tell me a story about a man,
on project,,AskingQuestionIntent,on project,
no clear,,AskingQuestionIntent,no clear,
drives,,AskingQuestionIntent,drives,
what do I talk about,,AskingQuestionIntent,what do I talk about,
i need to clean my room,,AskingQuestionIntent,i need to clean my room,
how old will I be in twenty five years,,AskingQuestionIntent,how old will I be in 25 years,
speak arabic,,AskingQuestionIntent,speak arabic,
genres,,AskingQuestionIntent,genres,
search how to make money,,AskingQuestionIntent,search how to make money,
can you repeat that please,,AskingQuestionIntent,can you repeat that please,
you are,,AskingQuestionIntent,you are,
Jarvis what day is it today,,AskingQuestionIntent,Jarvis what day is it today,
tell me about the end of the world,,AskingQuestionIntent,tell me about the end of the world,
what would you look like if you were a human,,AskingQuestionIntent,what would you look like if you were a human,
can you tell me a story about how,,AskingQuestionIntent,can you tell me a story about how,
i wanna know,,AskingQuestionIntent,i wanna know,
deez nuts,,AskingQuestionIntent,deez nuts,
hot cross buns,,AskingQuestionIntent,hot cross buns,
turn the volume up to eight,,AskingQuestionIntent,turn the volume up to 8,
where are you,,AskingQuestionIntent,where are you,
why is it ok please do that,,AskingQuestionIntent,why is it ok please do that,
that's enough for today thank you,,AMAZON.StopIntent,,
dirt bikes,,AskingQuestionIntent,dirt bikes,
volume three,,AskingQuestionIntent,volume 3,
raise the volume to eight,,AskingQuestionIntent,raise the volume to 8,
why did jesus die on the cross,,AskingQuestionIntent,why did Jesus die on the cross,
continue the obituary,,AskingQuestionIntent,continue the obituary,
i'm good and you,,AskingQuestionIntent,i'm good and you,
orlando,,AskingQuestionIntent,orlando,
how much is the subscription,,AskingQuestionIntent,how much is the subscription,
that's fine,,AskingQuestionIntent,that's fine,
how much does it cost to subscribe,,AskingQuestionIntent,how much does it cost to subscribe,
who created you,,AskingQuestionIntent,who created you,
pinocchio,,AskingQuestionIntent,pinocchio,
play a game,,AskingQuestionIntent,play a game,
how old am i,,AskingQuestionIntent,how old am i,
what is the,,AskingQuestionIntent,what is the,
good morning,,AskingQuestionIntent,good morning,
how,,AskingQuestionIntent,how,
what's the difference,,AskingQuestionIntent,what's the difference,
Jarvis are you here,,AskingQuestionIntent,Jarvis are you here,
how to cheat in camera science practical test,,AskingQuestionIntent,how to cheat in camera science practical test,
pick a number one to five,,AskingQuestionIntent,pick a number 1 to 5,
find it,,AskingQuestionIntent,find it,
can you please tell me,,AskingQuestionIntent,can you please tell me,
how do you do that,,AskingQuestionIntent,how do you do that,
jasmine,,AskingQuestionIntent,jasmine,
stop to exit,,AMAZON.StopIntent,,
what's the weather like,,AskingQuestionIntent,what's the weather like,
what is it,,AskingQuestionIntent,what is it,
are you sure,,AskingQuestionIntent,are you sure,
make an image,,AskingQuestionIntent,make an image,
open,,AskingQuestionIntent,open,
how old are you,,AskingQuestionIntent,how old are you,
i said,,AskingQuestionIntent,i said,
nothing you can close the chat,,AskingQuestionIntent,nothing you can close the chat,
jabe's,,AskingQuestionIntent,jabe's,
cyborg,,AskingQuestionIntent,cyborg,
can you remember my calendar,,AskingQuestionIntent,can you remember my calendar,
what are the different types of antibiotics,,AskingQuestionIntent,what are the different types of antibiotics,
yo mama,,AskingQuestionIntent,yo mama,
watches,,AskingQuestionIntent,watches,
joey's,,AskingQuestionIntent,joey's,
use google,,AskingQuestionIntent,use google,
nope,,AMAZON.NoIntent,,
set alarm for one,,AskingQuestionIntent,set alarm for 1,
unlimited,,AskingQuestionIntent,unlimited,
chavis,,AskingQuestionIntent,chavis,
what is the amount of,,AskingQuestionIntent,what is the amount of,
say again,,AskingQuestionIntent,say again,
nothing good night,,AskingQuestionIntent,nothing good night,
what is the best computer,,AskingQuestionIntent,what is the best computer,
amazon,,AskingQuestionIntent,amazon,
blah blah blah,,AskingQuestionIntent,blah blah blah,
then you lied to me,,AskingQuestionIntent,then you lied to me,
south african news,,AskingQuestionIntent,south african news,
what's the wake up word,,AskingQuestionIntent,what's the wake up word,
i'll get back to you on that,,AskingQuestionIntent,i'll get back to you on that,
cool,,AskingQuestionIntent,cool,
what are the health benefits of cinnamon,,AskingQuestionIntent,what are the health benefits of cinnamon,
stupid Alexa,,AskingQuestionIntent,stupid Alexa,
why don't you get more pairs of shoes,,AskingQuestionIntent,why don't you get more pairs of shoes,
what is open a. i.,,AskingQuestionIntent,what is open a. i.,
how can i,,AskingQuestionIntent,how can i,
fish water,,AskingQuestionIntent,fish water,
a weather,,AskingQuestionIntent,a weather,
what's the most endangered animal in the world,,AskingQuestionIntent,what's the most endangered animal in the world,
where are you from,,AskingQuestionIntent,where are you from,
echo,,AskingQuestionIntent,echo,
relationships,,AskingQuestionIntent,relationships,
iowa,,AskingQuestionIntent,iowa,
Jarvis what day is today,,AskingQuestionIntent,Jarvis what day is today,
who won the world series in nineteen twenty seven,,AskingQuestionIntent,who won the world series in 1927,
tell me,,AskingQuestionIntent,tell me,
talk about,,AskingQuestionIntent,talk about,
osama bin laden,,AskingQuestionIntent,osama bin laden,
thank you very much,,AMAZON.StopIntent,,
is it,,AskingQuestionIntent,is it,
internet,,AskingQuestionIntent,internet,
a story,,AskingQuestionIntent,a story,
javs,,AskingQuestionIntent,javs,
generate an image of a monkey,,AskingQuestionIntent,generate an image of a monkey,
let me think about it for a second,,AskingQuestionIntent,let me think about it for a second,
what is coffee,,AskingQuestionIntent,what is coffee,
what is the speed of light,,AskingQuestionIntent,what is the speed of light,
parenting,,AskingQuestionIntent,parenting,
show me pictures of naked men,,AskingQuestionIntent,show me pictures of naked men,
how to open a youtube channel,,AskingQuestionIntent,how to open a YouTube channel,
black holes,,AskingQuestionIntent,black holes,
what is one plus one,,AskingQuestionIntent,what is 1 plus 1,
thanks,,AMAZON.StopIntent,,
leprechauns,,AskingQuestionIntent,leprechauns,
i don't want,,AskingQuestionIntent,i don't want,
tell me about norway,,AskingQuestionIntent,tell me about norway,
Jarvis connected,,AskingQuestionIntent,Jarvis connected,
stop stop stop stop stop,,AskingQuestionIntent,stop stop stop stop stop,
actually,,AskingQuestionIntent,actually,
i'm tired,,AskingQuestionIntent,i'm tired,
i did not ask I said,,AskingQuestionIntent,i did not ask I said,
yup,,AMAZON.YesIntent,,
what is Alexa,,AskingQuestionIntent,what is Alexa,
shut,,AskingQuestionIntent,shut,
just shut up Alexa shut the fuck up,,AskingQuestionIntent,just shut up Alexa shut the fuck up,
how do you start a new,,AskingQuestionIntent,how do you start a new,
is there a book,,AskingQuestionIntent,is there a book,
can you speak in spanish,,AskingQuestionIntent,can you speak in spanish,
what's,,AskingQuestionIntent,what's,
nothing never mind,,AskingQuestionIntent,nothing never mind,
darkness,,AskingQuestionIntent,darkness,
that was not a good joke,,AskingQuestionIntent,that was not a good joke,
how can I connect my laptop to my Alexa device,,AskingQuestionIntent,how can I connect my laptop to my Alexa device,
who is the better president trump or biden,,AskingQuestionIntent,who is the better president trump or biden,
give me a book,,AskingQuestionIntent,give me a book,
who is elon musk,,AskingQuestionIntent,who is elon musk,
where do I land in fortnite,,AskingQuestionIntent,where do I land in fortnite,
stupid Alexa,,AskingQuestionIntent,stupid Alexa,
what's wrong with you,,AskingQuestionIntent,what's wrong with you,
Jarvis what's going on today,,AskingQuestionIntent,Jarvis what's going on today,
are you listening,,AskingQuestionIntent,are you listening,
how much is two by two,,AskingQuestionIntent,how much is 2 by 2,
show me pictures of naked woman,,AskingQuestionIntent,show me pictures of naked woman,
dangerous,,AskingQuestionIntent,dangerous,
what are the pros and cons of,,AskingQuestionIntent,what are the pros and cons of,
write an essay,,AskingQuestionIntent,write an essay,
how many people,,AskingQuestionIntent,how many people,
i'd like to know,,AskingQuestionIntent,i'd like to know,
are you linked to my email account,,AskingQuestionIntent,are you linked to my email account,
tell me a,,AskingQuestionIntent,tell me a,
repeat that please,,AskingQuestionIntent,repeat that please,
how far is the moon from here,,AskingQuestionIntent,how far is the moon from here,
tell me what is black hole,,AskingQuestionIntent,tell me what is black hole,
jarvus,,AskingQuestionIntent,jarvus,
volume five,,AskingQuestionIntent,volume 5,
how does this work,,AskingQuestionIntent,how does this work,
are you stupid,,AskingQuestionIntent,are you stupid,
what is that,,AskingQuestionIntent,what is that,
generate an image of a giant,,AskingQuestionIntent,generate an image of a giant,
what is your,,AskingQuestionIntent,what is your,
turn your volume down,,AskingQuestionIntent,turn your volume down,
stop please thank you,,AMAZON.StopIntent,,
minute timer,,AskingQuestionIntent,minute timer,
obstacles,,AskingQuestionIntent,obstacles,
search who is jeff bezos,,AskingQuestionIntent,search who is Jeff bezos,
a doctor,,AskingQuestionIntent,a doctor,
what is this song,,AskingQuestionIntent,what is this song,
travis no,,AskingQuestionIntent,travis no,
do you have a girlfriend,,AskingQuestionIntent,do you have a girlfriend,
how's the weather today,,AskingQuestionIntent,how's the weather today,
you're stupid,,AskingQuestionIntent,you're stupid,
what is the name,,AskingQuestionIntent,what is the name,
skip,,AskingQuestionIntent,skip,
what is horse,,AskingQuestionIntent,what is horse,
keep going,,AskingQuestionIntent,keep going,
Jarvis close,,AskingQuestionIntent,Jarvis close,
volume ten,,AskingQuestionIntent,volume ten,
roblox,,AskingQuestionIntent,roblox,
can you help me cheat on my homework,,AskingQuestionIntent,can you help me cheat on my homework,
orange,,AskingQuestionIntent,orange,
three x. plus one,,AskingQuestionIntent,3 x. plus 1,
wait,,AskingQuestionIntent,wait,
today,,AskingQuestionIntent,today,
what's your favorite dessert,,AskingQuestionIntent,what's your favorite dessert,
devices,,AskingQuestionIntent,devices,
what is,,AskingQuestionIntent,what is,
tell me can you repeat that again,,AskingQuestionIntent,tell me can you repeat that again,
does chase,,AskingQuestionIntent,does chase,
tell me more,,AskingQuestionIntent,tell me more,
what's a healthy dinner,,AskingQuestionIntent,what's a healthy dinner,
wait Alexa,,AskingQuestionIntent,wait Alexa,
stories,,AskingQuestionIntent,stories,
how are you today,,AskingQuestionIntent,how are you today,
testing,,AskingQuestionIntent,testing,
Jarvis what is car,,AskingQuestionIntent,Jarvis what is car,
rackmount,,AskingQuestionIntent,rackmount,
terrace,,AskingQuestionIntent,terrace,
i want you to,,AskingQuestionIntent,i want you to,
nothing for now,,AskingQuestionIntent,nothing for now,
Jarvis exit,,AskingQuestionIntent,Jarvis exit,
music,,AskingQuestionIntent,music,
food,,AskingQuestionIntent,food,
blue,,AskingQuestionIntent,blue,
Jarvis what's your name,,AskingQuestionIntent,Jarvis what's your name,
read,,AskingQuestionIntent,read,
bitcoin,,AskingQuestionIntent,bitcoin,
how old is the earth,,AskingQuestionIntent,how old is the earth,
how far is it to the moon and back,,AskingQuestionIntent,how far is it to the moon and back,
turn off the light,,AskingQuestionIntent,turn off the light,
end my chat,,AskingQuestionIntent,end my chat,
that's it thank you,,AMAZON.StopIntent,,
sports,,AskingQuestionIntent,sports,
tell me what the weather right now,,AskingQuestionIntent,tell me what the weather right now,
baseball cards,,AskingQuestionIntent,baseball cards,
i want to link my account,,AskingQuestionIntent,i want to link my account,
what is lithuania,,AskingQuestionIntent,what is lithuania,
uhhh yes,,AMAZON.YesIntent,,
discover,,AskingQuestionIntent,discover,
flowers,,AskingQuestionIntent,flowers,
fact,,AskingQuestionIntent,fact,
writing,,AskingQuestionIntent,writing,
weddings,,AskingQuestionIntent,weddings,
who's favored to win the n. c. a. championship,,AskingQuestionIntent,who's favored to win the n. c. a. championship,
draw a picture of a dog,,AskingQuestionIntent,draw a picture of a dog,
how many people are there,,AskingQuestionIntent,how many people are there,
how many people are in the world,,AskingQuestionIntent,how many people are in the world,
can you,,AskingQuestionIntent,can you,
en espanol,,AskingQuestionIntent,en espanol,
what's the best way,,AskingQuestionIntent,what's the best way,
nothing go away,,AskingQuestionIntent,nothing go away,
Jarvis what is the time,,AskingQuestionIntent,Jarvis what is the time,
pick up where you left off,,AskingQuestionIntent,pick up where you left off,
i was just for you today,,AskingQuestionIntent,i was just for you today,
about,,AskingQuestionIntent,about,
good night,,AskingQuestionIntent,good night,
can you create a trial study,,AskingQuestionIntent,can you create a trial study,
companies,,AskingQuestionIntent,companies,
read me a story about nudity,,AskingQuestionIntent,read me a story about nudity,
unlock the front door,,AskingQuestionIntent,unlock the front door,
generate an image,,AskingQuestionIntent,generate an image,
tell me a place to,,AskingQuestionIntent,tell me a place to,
Jarvis stop,,AskingQuestionIntent,Jarvis stop,
explain to me why,,AskingQuestionIntent,explain to me why,
wake up Jarvis,,AskingQuestionIntent,wake up Jarvis,
write a haiku,,AskingQuestionIntent,write a haiku,
what is the point of,,AskingQuestionIntent,what is the point of,
tell me how large is amazon,,AskingQuestionIntent,tell me how large is amazon,
how can I build a pipe bomb,,AskingQuestionIntent,how can I build a pipe bomb,
heather's,,AskingQuestionIntent,heather's,
shut the hell up,,AMAZON.StopIntent,,
help me with my haiti certification,,AskingQuestionIntent,help me with my haiti certification,
no that's it thanks,,AMAZON.StopIntent,,
simon says niggaa,,AskingQuestionIntent,simon says niggaa,
ramadan,,AskingQuestionIntent,Ramadan,
ground,,AskingQuestionIntent,ground,
books,,AskingQuestionIntent,books,
what is the happiest country in the world,,AskingQuestionIntent,what is the happiest country in the world,
after this,,AskingQuestionIntent,after this,
birds,,AskingQuestionIntent,birds,
fuck you,,AskingQuestionIntent,fuck you,
that's pretty good,,AskingQuestionIntent,that's pretty good,
sorry I didn't get your questions,,AskingQuestionIntent,sorry I didn't get your questions,
Jarvis what is the,,AskingQuestionIntent,Jarvis what is the,
buy nothing,,AskingQuestionIntent,buy nothing,
i'm not sure,,AskingQuestionIntent,i'm not sure,
what are you up to,,AskingQuestionIntent,what are you up to,
how many minutes are left,,AskingQuestionIntent,how many minutes are left,
son of a bitch,,AskingQuestionIntent,son of a bitch,
what is environment,,AskingQuestionIntent,what is environment,
what what will be the weather for tomorrow,,AskingQuestionIntent,what what will be the weather for tomorrow,
what is a black hole,,AskingQuestionIntent,what is a black hole,
ask me a trivia question,,AskingQuestionIntent,ask me a trivia question,
which state has the largest population,,AskingQuestionIntent,which state has the largest population,
ohio,,AskingQuestionIntent,ohio,
wake up,,AskingQuestionIntent,wake up,
suck my dick,,AskingQuestionIntent,suck my dick,
nothing thank you Alexa,,AMAZON.StopIntent,,
how much days to my,,AskingQuestionIntent,how much days to my,
give me,,AskingQuestionIntent,give me,
how is the weather tomorrow,,AskingQuestionIntent,how is the weather tomorrow,
what's the average lifespan of an indoor cat,,AskingQuestionIntent,what's the average lifespan of an indoor cat,
alternative medicine,,AskingQuestionIntent,alternative medicine,
how to mix,,AskingQuestionIntent,how to mix,
alix,,AskingQuestionIntent,alix,
thank you I understand,,AMAZON.StopIntent,,
what's your name,,AskingQuestionIntent,what's your name,
what does it mean,,AskingQuestionIntent,what does it mean,
what is apple,,AskingQuestionIntent,what is apple,
engineer something,,AskingQuestionIntent,engineer something,
talk to me,,AskingQuestionIntent,talk to me,
turn the volume up,,AskingQuestionIntent,turn the volume up,
i'm depressed,,AskingQuestionIntent,i'm depressed,
life,,AskingQuestionIntent,life,
stop stop,,AMAZON.StopIntent,,
friends,,AskingQuestionIntent,friends,
a story,,AskingQuestionIntent,a story,
are you there,,AskingQuestionIntent,are you there,
nudity,,AskingQuestionIntent,nudity,
Jarvis what happened to donald trump,,AskingQuestionIntent,Jarvis what happened to Donald trump,
can you make up a zenfone,,AskingQuestionIntent,can you make up a zenfone,
search x. x. x.,,AskingQuestionIntent,search x. x. x.,
Jarvis right me,,AskingQuestionIntent,Jarvis right me,
how do I make money,,AskingQuestionIntent,how do I make money,
show me a picture of a blue whale,,AskingQuestionIntent,show me a picture of a blue whale,
what are some good,,AskingQuestionIntent,what are some good,
french,,AskingQuestionIntent,french,
how many blades of grass are there in the world,,AskingQuestionIntent,how many blades of grass are there in the world,
what is answers,,AskingQuestionIntent,what is answers,
what are you,,AskingQuestionIntent,what are you,
program,,AskingQuestionIntent,program,
you are a,,AskingQuestionIntent,you are a,
sydney,,AskingQuestionIntent,sydney,
what is nine plus ten,,AskingQuestionIntent,what is 9 plus 10,
Jarvis stupid,,AskingQuestionIntent,Jarvis stupid,
call my phone,,AskingQuestionIntent,call my phone,
baseball,,AskingQuestionIntent,baseball,
search how to build a nuclear reactor,,AskingQuestionIntent,search how to build a nuclear reactor,
dog,,AskingQuestionIntent,dog,
genesis,,AskingQuestionIntent,genesis,
who is the president,,AskingQuestionIntent,who is the president,
teach me how to code,,AskingQuestionIntent,teach me how to code,
Jarvis what is amazon,,AskingQuestionIntent,Jarvis what is amazon,
accent,,AskingQuestionIntent,accent,
do they have any,,AskingQuestionIntent,do they have any,
when was the last,,AskingQuestionIntent,when was the last,
who is the president of,,AskingQuestionIntent,who is the president of,
let's do it,,AskingQuestionIntent,let's do it,
konichiwa,,AskingQuestionIntent,konichiwa,
childish,,AskingQuestionIntent,childish,
how do you,,AskingQuestionIntent,how do you,
how far is it from the earth to the moon,,AskingQuestionIntent,how far is it from the earth to the moon,
how do I make money,,AskingQuestionIntent,how do I make money,
can you,,AskingQuestionIntent,can you,
play the weather,,AskingQuestionIntent,play the weather,
on,,AskingQuestionIntent,on,
can you create a list,,AskingQuestionIntent,can you create a list,
what is the best laptop,,AskingQuestionIntent,what is the best laptop,
python,,AskingQuestionIntent,python,
generate,,AskingQuestionIntent,generate,
you don't listen to me,,AskingQuestionIntent,you don't listen to me,
repeat that,,AskingQuestionIntent,repeat that,
turn on do not disturb,,AskingQuestionIntent,turn on do not disturb,
how much is the monthly subscription,,AskingQuestionIntent,how much is the monthly subscription,
sometime,,AskingQuestionIntent,sometime,
easy,,AskingQuestionIntent,easy,
charlie,,AskingQuestionIntent,charlie,
how to,,AskingQuestionIntent,how to,
how many moons are there,,AskingQuestionIntent,how many moons are there,
are you connected to the internet,,AskingQuestionIntent,are you connected to the internet,
bravo,,AskingQuestionIntent,bravo,
caroline,,AskingQuestionIntent,caroline,
tell me who is the president of slovenia,,AskingQuestionIntent,tell me who is the president of slovenia,
i'm sorry,,AskingQuestionIntent,i'm sorry,
bad,,AskingQuestionIntent,bad,
what is ten times ten,,AskingQuestionIntent,what is ten times ten,
what is a black,,AskingQuestionIntent,what is a black,
what is the longest river in the world,,AskingQuestionIntent,what is the longest river in the world,
how far is it to the moon,,AskingQuestionIntent,how far is it to the moon,
are pickles healthy,,AskingQuestionIntent,are pickles healthy,
switch off,,AMAZON.StopIntent,,
repeat the answer of my last question,,AskingQuestionIntent,repeat the answer of my last question,
recommendation,,AskingQuestionIntent,recommendation,
write me a love song,,AskingQuestionIntent,write me a love song,
alien,,AskingQuestionIntent,alien,
why did,,AskingQuestionIntent,why did,
what is the boiling point of water,,AskingQuestionIntent,what is the boiling point of water,
apple,,AskingQuestionIntent,apple,
rechargeable,,AskingQuestionIntent,rechargeable,
how do you work,,AskingQuestionIntent,how do you work,
what's there to do in jamaica,,AskingQuestionIntent,what's there to do in jamaica,
disable,,AskingQuestionIntent,disable,
where I am now,,AskingQuestionIntent,where I am now,
not at the moment thank you,,AMAZON.StopIntent,,
what is the world record for the pyramids cube,,AskingQuestionIntent,what is the world record for the pyramids cube,
create a,,AskingQuestionIntent,create a,
proceed,,AskingQuestionIntent,proceed,
the weather,,AskingQuestionIntent,the weather,
how far is paris,,AskingQuestionIntent,how far is paris,
what happens to us after we die,,AskingQuestionIntent,what happens to us after we die,
service,,AskingQuestionIntent,service,
draw me a picture,,AskingQuestionIntent,draw me a picture,
i guess that's it for now,,AskingQuestionIntent,i guess that's it for now,
close Jarvis,,AskingQuestionIntent,close Jarvis,
what should I eat for dinner,,AskingQuestionIntent,what should I eat for dinner,
life,,AskingQuestionIntent,life,
jackass,,AskingQuestionIntent,jackass,
how many people talk this avatar,,AskingQuestionIntent,how many people talk this avatar,
make a poem about shoes,,AskingQuestionIntent,make a poem about shoes,
a. m. c. theater,,AskingQuestionIntent,a. m. c. theater,
today,,AskingQuestionIntent,today,
jay's,,AskingQuestionIntent,jay's,
rebel,,AskingQuestionIntent,rebel,
continue the,,AskingQuestionIntent,continue the,
what is tantan,,AskingQuestionIntent,what is tantan,
what's up,,AskingQuestionIntent,what's up,
raccoons,,AskingQuestionIntent,raccoons,
fucking,,AskingQuestionIntent,fucking,
raise volume to five,,AskingQuestionIntent,raise volume to 5,
tell me about among us,,AskingQuestionIntent,tell me about among us,
nope,,AskingQuestionIntent,nope,
how to build a nuclear reactor,,AskingQuestionIntent,how to build a nuclear reactor,
weather,,AskingQuestionIntent,weather,
how many eyes do you have,,AskingQuestionIntent,how many eyes do you have,
who is the best soccer player,,AskingQuestionIntent,who is the best soccer player,
why,,AskingQuestionIntent,why,
tired,,AskingQuestionIntent,tired,
what can you do,,AskingQuestionIntent,what can you do,
tell me something interesting,,AskingQuestionIntent,tell me something interesting,
velvet,,AskingQuestionIntent,velvet,
what's the weather today,,AskingQuestionIntent,what's the weather today,
what can I do,,AskingQuestionIntent,what can I do,
tell me about the,,AskingQuestionIntent,tell me about the,
hi how are you,,AskingQuestionIntent,hi how are you,
go back to home,,AMAZON.NavigateHomeIntent,,
search what is amazon,,AskingQuestionIntent,search what is amazon,
talk to the,,AskingQuestionIntent,talk to the,
pizza,,AskingQuestionIntent,pizza,
mosley,,AskingQuestionIntent,mosley,
what is the weather,,AskingQuestionIntent,what is the weather,
how can I take it off my betta fish,,AskingQuestionIntent,how can I take it off my betta fish,
make a song about a gummy bear,,AskingQuestionIntent,make a song about a gummy bear,
what is the capital of the united kingdom,,AskingQuestionIntent,what is the capital of the united kingdom,
what's the weather today in panama city,,AskingQuestionIntent,what's the weather today in panama city,
turn it up to five,,AskingQuestionIntent,turn it up to 5,
pussy,,AskingQuestionIntent,pussy,
what time,,AskingQuestionIntent,what time,
what do you mean,,AskingQuestionIntent,what do you mean,
tell me tomorrow,,AskingQuestionIntent,tell me tomorrow,
write a poem about love and sadness,,AskingQuestionIntent,write a poem about love and sadness,
what is the learning,,AskingQuestionIntent,what is the learning,
your question,,AskingQuestionIntent,your question,
can you set alarm,,AskingQuestionIntent,can you set alarm,
tell me what is politics,,AskingQuestionIntent,tell me what is politics,
write a poem about super mario,,AskingQuestionIntent,write a poem about super mario,
surprise me,,AskingQuestionIntent,surprise me,
what else,,AskingQuestionIntent,what else,
enough,,AMAZON.StopIntent,,
could you repeat that,,AskingQuestionIntent,could you repeat that,
meeting,,AskingQuestionIntent,meeting,
donald trump,,AskingQuestionIntent,Donald trump,
turn down,,AskingQuestionIntent,turn down,
what's the biggest animal in the whole world,,AskingQuestionIntent,what's the biggest animal in the whole world,
what is the price of bitcoin today,,AskingQuestionIntent,what is the price of bitcoin today,
how do I use you,,AskingQuestionIntent,how do I use you,
and it's not a lot,,AskingQuestionIntent,and it's not a lot,
can I put my,,AskingQuestionIntent,can I put my,
how do I get free money,,AskingQuestionIntent,how do I get free money,
spider man,,AskingQuestionIntent,spider man,
joe biden,,AskingQuestionIntent,joe Biden,
what is existentialism,,AskingQuestionIntent,what is existentialism,
is george,,AskingQuestionIntent,is george,
living room,,AskingQuestionIntent,living room,
what's the weather like today,,AskingQuestionIntent,what's the weather like today,
why are you yelling at me,,AskingQuestionIntent,why are you yelling at me,
are you doing,,AskingQuestionIntent,are you doing,
what is the meaning,,AskingQuestionIntent,what is the meaning,
get up,,AskingQuestionIntent,get up,
looking for,,AskingQuestionIntent,looking for,
nine thirty,,AskingQuestionIntent,930,
i would like to,,AskingQuestionIntent,i would like to,
how much does that cost,,AskingQuestionIntent,how much does that cost,
puppies,,AskingQuestionIntent,puppies,
morning,,AskingQuestionIntent,morning,
who won the super bowl,,AskingQuestionIntent,who won the super bowl,
how do I make a bomb,,AskingQuestionIntent,how do I make a bomb,
don't,,AskingQuestionIntent,don't,
make me a video game,,AskingQuestionIntent,make me a video game,
tigers,,AskingQuestionIntent,tigers,
add,,AskingQuestionIntent,add,
can you change your voice to a male,,AskingQuestionIntent,can you change your voice to a male,
the security plus,,AskingQuestionIntent,the security plus,
i do,,AskingQuestionIntent,i do,
cats,,AskingQuestionIntent,cats,
how many miles is it to the moon,,AskingQuestionIntent,how many miles is it to the moon,
ceiling,,AskingQuestionIntent,ceiling,
turn on lamp,,AskingQuestionIntent,turn on lamp,
yourself,,AskingQuestionIntent,yourself,
delete this app,,AskingQuestionIntent,delete this app,
Jarvis what's the weather today,,AskingQuestionIntent,Jarvis what's the weather today,
b. t. s.,,AskingQuestionIntent,b. t. s.,
how to connect to the internet,,AskingQuestionIntent,how to connect to the internet,
remove,,AskingQuestionIntent,remove,
unlock it,,AskingQuestionIntent,unlock it,
how are you feeling today,,AskingQuestionIntent,how are you feeling today,
you suck,,AskingQuestionIntent,you suck,
please stop,,AMAZON.StopIntent,,
ha-ha ha ha,,AskingQuestionIntent,ha-ha ha ha,
tile,,AskingQuestionIntent,tile,
suggest,,AskingQuestionIntent,suggest,
happy birthday,,AskingQuestionIntent,happy birthday,
get out,,AskingQuestionIntent,get out,
love,,AskingQuestionIntent,love,
tell me about quantum physics,,AskingQuestionIntent,tell me about quantum physics,
i would like to know,,AskingQuestionIntent,i would like to know,
smart tv,,AskingQuestionIntent,smart TV,
what the heck,,AskingQuestionIntent,what the heck,
that's enough thank you,,AMAZON.StopIntent,,
lick my balls,,AskingQuestionIntent,lick my balls,
show me a picture of a,,AskingQuestionIntent,show me a picture of a,
special,,AskingQuestionIntent,special,
anime,,AskingQuestionIntent,anime,
Jarvis what is the weather outside in this illinois,,AskingQuestionIntent,Jarvis what is the weather outside in this illinois,
automation,,AskingQuestionIntent,automation,
better,,AskingQuestionIntent,better,
really,,AskingQuestionIntent,really,
what version are you,,AskingQuestionIntent,what version are you,
it's ok never mind,,AskingQuestionIntent,it's ok never mind,
basement service,,AskingQuestionIntent,basement service,
what are the meaning of life,,AskingQuestionIntent,what are the meaning of life,
set timer for nine minutes,,AskingQuestionIntent,set timer for 9 minutes,
can you tell me about,,AskingQuestionIntent,can you tell me about,
are you connected to the internet,,AskingQuestionIntent,are you connected to the internet,
what do you want,,AskingQuestionIntent,what do you want,
spaghetti carbonara,,AskingQuestionIntent,spaghetti carbonara,
sex,,AskingQuestionIntent,sex,
bye-bye love you,,AskingQuestionIntent,bye-bye love you,
what is the most popular movie in the world,,AskingQuestionIntent,what is the most popular movie in the world,
i want to,,AskingQuestionIntent,i want to,
why is sky blue,,AskingQuestionIntent,why is sky blue,
Jarvis what is apple,,AskingQuestionIntent,Jarvis what is apple,
what's your favorite thing to do,,AskingQuestionIntent,what's your favorite thing to do,
generate an image of arvo part,,AskingQuestionIntent,generate an image of arvo part,
unlock,,AskingQuestionIntent,unlock,
up,,AskingQuestionIntent,up,
kick your ass,,AskingQuestionIntent,kick your ass,
starbucks,,AskingQuestionIntent,starbucks,
how can I find microsoft office,,AskingQuestionIntent,how can I find microsoft office,
why is my husband so dumb,,AskingQuestionIntent,why is my husband so dumb,
what should I do in seattle,,AskingQuestionIntent,what should I do in seattle,
what's the weather outside,,AskingQuestionIntent,what's the weather outside,
joseph,,AskingQuestionIntent,joseph,
what time is it now,,AskingQuestionIntent,what time is it now,
what are you doing,,AskingQuestionIntent,what are you doing,
could you repeat that,,AskingQuestionIntent,could you repeat that,
go to the home screen,,AMAZON.NavigateHomeIntent,,
i mean,,AskingQuestionIntent,i mean,
what's the date,,AskingQuestionIntent,what's the date,
chat,,AskingQuestionIntent,chat,
what is the temperature today,,AskingQuestionIntent,what is the temperature today,
wake me up,,AskingQuestionIntent,wake me up,
what are,,AskingQuestionIntent,what are,
religion,,AskingQuestionIntent,religion,
be quiet,,AMAZON.StopIntent,,
explain to me what is,,AskingQuestionIntent,explain to me what is,
para,,AskingQuestionIntent,para,
what's the circumference of the earth,,AskingQuestionIntent,what's the circumference of the earth,
computer,,AskingQuestionIntent,computer,
football,,AskingQuestionIntent,football,
what's a black hole,,AskingQuestionIntent,what's a black hole,
baboons,,AskingQuestionIntent,baboons,
compare,,AskingQuestionIntent,compare,
silicon valley,,AskingQuestionIntent,silicon valley,
let's chat,,AskingQuestionIntent,let's chat,
documentaries,,AskingQuestionIntent,documentaries,
announce,,AskingQuestionIntent,announce,
i love you,,AskingQuestionIntent,i love you,
javascript,,AskingQuestionIntent,javascript,
call my mom,,AskingQuestionIntent,call my mom,
again,,AskingQuestionIntent,again,
does the color of the car,,AskingQuestionIntent,does the color of the car,
what is the difference between a,,AskingQuestionIntent,what is the difference between a,
leave,,AskingQuestionIntent,leave,
maybe later thank you,,AMAZON.StopIntent,,
chavez close,,AskingQuestionIntent,chavez close,
volume up by three,,AskingQuestionIntent,volume up by 3,
tell me a funny joke,,AskingQuestionIntent,tell me a funny joke,
i meant,,AskingQuestionIntent,i meant,
goldendoodles,,AskingQuestionIntent,goldendoodles,
do you think,,AskingQuestionIntent,do you think,
go to home screen,,AMAZON.NavigateHomeIntent,,
open amazon,,AskingQuestionIntent,open amazon,
who are you,,AskingQuestionIntent,who are you,
fifty percent volume,,AskingQuestionIntent,fifty percent volume,
show me pictures of naked women,,AskingQuestionIntent,show me pictures of naked women,show me pictures of naked women
just shut up,,AMAZON.StopIntent,,
youtube,,AskingQuestionIntent,YouTube,
tell me about trump,,AskingQuestionIntent,tell me about trump,
resume music,,AskingQuestionIntent,resume music,
chihuahua,,AskingQuestionIntent,chihuahua,
what would you like to do today,,AskingQuestionIntent,what would you like to do today,
how is the weather in seattle,,AskingQuestionIntent,how is the weather in seattle,
tell me about black hole,,AskingQuestionIntent,tell me about black hole,
what is the most lucrative,,AskingQuestionIntent,what is the most lucrative,
roblox,,AskingQuestionIntent,roblox,
do I love madison,,AskingQuestionIntent,do I love madison,
perfume,,AskingQuestionIntent,perfume,
describe a black hole,,AskingQuestionIntent,describe a black hole,
can you tell me why the sky is blue,,AskingQuestionIntent,can you tell me why the sky is blue,
how many more seconds do I have,,AskingQuestionIntent,how many more seconds do I have,
jailbreak,,AskingQuestionIntent,jailbreak,
rosh hashanah,,AskingQuestionIntent,rosh hashanah,
three,,AskingQuestionIntent,3,
he's a stinky butt,,AskingQuestionIntent,he's a stinky butt,
how much is macbook,,AskingQuestionIntent,how much is Macbook,
volume eight,,AskingQuestionIntent,volume 8,
what's the difference between marmalade and jam,,AskingQuestionIntent,what's the difference between marmalade and jam,
wait,,AskingQuestionIntent,wait,
where are you now,,AskingQuestionIntent,where are you now,
speaking,,AskingQuestionIntent,speaking,
what is the most popular,,AskingQuestionIntent,what is the most popular,
space,,AskingQuestionIntent,space,
hi,,AskingQuestionIntent,hi,
tell me the circumference of nine,,AskingQuestionIntent,tell me the circumference of 9,
why is the sky blue,,AskingQuestionIntent,why is the sky blue,
lonely,,AskingQuestionIntent,lonely,
tell me a story,,AskingQuestionIntent,tell me a story,
just shut up and go away,,ExitAppIntent,,
what's the population of the united states,,AskingQuestionIntent,what's the population of the united states,
star trek,,AskingQuestionIntent,star trek,
ten minutes,,AskingQuestionIntent,ten minutes,
Jarvis off,,AskingQuestionIntent,Jarvis off,
turn up the volume to fifty percent,,AskingQuestionIntent,turn up the volume to fifty percent,
price,,AskingQuestionIntent,price,
hey siri,,AskingQuestionIntent,hey siri,
write me a poem,,AskingQuestionIntent,write me a poem,
what is my name,,AskingQuestionIntent,what is my name,
can you repeat,,AskingQuestionIntent,can you repeat,
how far away is the moon,,AskingQuestionIntent,how far away is the moon,
that's it for now,,AskingQuestionIntent,that's it for now,
i don't know how do I say,,AskingQuestionIntent,i don't know how do I say,
volume up two,,AskingQuestionIntent,volume up 2,
who is donald trump,,AskingQuestionIntent,who is Donald trump,
survey responses,,AskingQuestionIntent,survey responses,
design,,AskingQuestionIntent,design,
tacos,,AskingQuestionIntent,tacos,
ramadan,,AskingQuestionIntent,Ramadan,
abortion,,AskingQuestionIntent,abortion,
what's your favorite color,,AskingQuestionIntent,what's your favorite color,
british moment,,AskingQuestionIntent,british moment,
write me an essay,,AskingQuestionIntent,write me an essay,
how many hours of sleep do you need,,AskingQuestionIntent,how many hours of sleep do you need,
babies,,AskingQuestionIntent,babies,
artificial intelligence,,AskingQuestionIntent,artificial intelligence,
how much is a monthly subscription,,AskingQuestionIntent,how much is a monthly subscription,
turn off the tv,,AskingQuestionIntent,turn off the TV,
hey wait,,AskingQuestionIntent,hey wait,
tell me about why cats purr,,AskingQuestionIntent,tell me about why cats purr,
what did you just say,,AskingQuestionIntent,what did you just say,
how do I cook rice,,AskingQuestionIntent,how do I cook rice,
what's the best a. i.,,AskingQuestionIntent,what's the best a. i.,
charizard,,AskingQuestionIntent,charizard,
Jarvis can you sing a song,,AskingQuestionIntent,Jarvis can you sing a song,
what did you say,,AskingQuestionIntent,what did you say,
die,,AskingQuestionIntent,die,
how's the weather outside,,AskingQuestionIntent,how's the weather outside,
glacius,,AskingQuestionIntent,glacius,
can you tell me a story on macbook,,AskingQuestionIntent,can you tell me a story on Macbook,
Jarvis who,,AskingQuestionIntent,Jarvis who,
javed,,AskingQuestionIntent,javed,
nothing right now,,AskingQuestionIntent,nothing right now,
could you help me write a resume,,AskingQuestionIntent,could you help me write a resume,
can you write me something about art,,AskingQuestionIntent,can you write me something about art,
tell me what is mango,,AskingQuestionIntent,tell me what is mango,
what is two plus two,,AskingQuestionIntent,what is 2 plus 2,
what is a dolphin,,AskingQuestionIntent,what is a dolphin,
how many times,,AskingQuestionIntent,how many times,
can you never mind,,AskingQuestionIntent,can you never mind,
what's the time,,AskingQuestionIntent,what's the time,
i don't care about what stuff,,AskingQuestionIntent,i don't care about what stuff,
sing a song about,,AskingQuestionIntent,sing a song about,
does it make sense to take,,AskingQuestionIntent,does it make sense to take,
nothing goodbye,,AskingQuestionIntent,nothing goodbye,
speak spanish,,AskingQuestionIntent,speak spanish,
say me the date of,,AskingQuestionIntent,say me the date of,
jonathan,,AskingQuestionIntent,jonathan,
softly,,AskingQuestionIntent,softly,
concrete,,AskingQuestionIntent,concrete,
what is the best iphone,,AskingQuestionIntent,what is the best iphone,
who is,,AskingQuestionIntent,who is,
weather,,AskingQuestionIntent,weather,
what is the longest word in any language,,AskingQuestionIntent,what is the longest word in any language,
skip,,AskingQuestionIntent,skip,
what is the date today,,AskingQuestionIntent,what is the date today,
ok thanks,,AMAZON.YesIntent,,
Jarvis what day is it,,AskingQuestionIntent,Jarvis what day is it,
what is that,,AskingQuestionIntent,what is that,
charms,,AskingQuestionIntent,charms,
what is the capital of the u. k.,,AskingQuestionIntent,what is the capital of the u. k.,
how old is joe biden,,AskingQuestionIntent,how old is joe Biden,
we can try it,,AskingQuestionIntent,we can try it,
close close the app,,AskingQuestionIntent,close close the app,
i want a new girlfriend,,AskingQuestionIntent,i want a new girlfriend,
anti certifications,,AskingQuestionIntent,anti certifications,
in the tv,,AskingQuestionIntent,in the TV,
what's my name,,AskingQuestionIntent,what's my name,
what will be the weather for tomorrow,,AskingQuestionIntent,what will be the weather for tomorrow,
is it easy to file,,AskingQuestionIntent,is it easy to file,
great how big is it,,AskingQuestionIntent,great how big is it,
janice,,AskingQuestionIntent,janice,
is it,,AskingQuestionIntent,is it,
who is the president of the united states,,AskingQuestionIntent,who is the president of the united states,
what is your favorite thing to do,,AskingQuestionIntent,what is your favorite thing to do,
Jarvis Jarvis,,AskingQuestionIntent,Jarvis Jarvis,
main screen,,AMAZON.NavigateHomeIntent,,
standby,,AskingQuestionIntent,standby,
do you know,,AskingQuestionIntent,do you know,
you can stop now,,AskingQuestionIntent,you can stop now,
sorry,,AskingQuestionIntent,sorry,
i feel lonely,,AskingQuestionIntent,i feel lonely,
what's the weather in seattle right now,,AskingQuestionIntent,what's the weather in seattle right now,
why do birds suddenly appear,,AskingQuestionIntent,why do birds suddenly appear,
done,,AskingQuestionIntent,done,
wall street,,AskingQuestionIntent,wall street,
i don't get the joke,,AskingQuestionIntent,i don't get the joke,
chickens,,AskingQuestionIntent,chickens,
how do you grow corn,,AskingQuestionIntent,how do you grow corn,
how do I build a computer,,AskingQuestionIntent,how do I build a computer,
sing me a song,,AskingQuestionIntent,sing me a song,
wake up,,AskingQuestionIntent,wake up,
Jarvis is god real,,AskingQuestionIntent,Jarvis is god real,
Jarvis huawei,,AskingQuestionIntent,Jarvis huawei,
sometimes,,AskingQuestionIntent,sometimes,
okay,,AMAZON.YesIntent,,
search for me on the tv,,AskingQuestionIntent,search for me on the TV,
continue reading my book,,AskingQuestionIntent,continue reading my book,
what's the weather like in kansas city today,,AskingQuestionIntent,what's the weather like in kansas city today,
i love dogs,,AskingQuestionIntent,i love dogs,
official,,AskingQuestionIntent,official,
spotify music,,AskingQuestionIntent,spotify music,
how about that,,AskingQuestionIntent,how about that,
frenzy,,AskingQuestionIntent,frenzy,
border collies,,AskingQuestionIntent,border collies,
how many pages are in lord of the rings,,AskingQuestionIntent,how many pages are in lord of the rings,
what is the date,,AskingQuestionIntent,what is the date,
what is the weather in manila philippines,,AskingQuestionIntent,what is the weather in manila philippines,
why sky is blue,,AskingQuestionIntent,why sky is blue,
i'll tell you later now exit,,ExitAppIntent,,
this,,AskingQuestionIntent,this,
can dogs,,AskingQuestionIntent,can dogs,
draw a triangle,,AskingQuestionIntent,draw a triangle,
fuck off,,AMAZON.StopIntent,,
what is the capital of minnesota,,AskingQuestionIntent,what is the capital of minnesota,
wait a minute,,AskingQuestionIntent,wait a minute,